{
  "strategy": "BlackScholesDeltaHedge",
  "mean_pnl": 67.49747797204449,
  "std_pnl": 49.44416734347272,
  "mean_hedging_error": 67.49747797204449,
  "mean_transaction_costs": 0.4531056001410656,
  "success_rate": 1.0
}