{
  "strategy": "BlackScholesDeltaHedge",
  "mean_pnl": 2.254859932237627,
  "std_pnl": 1.333274210757725,
  "mean_hedging_error": 1.333274210757725,
  "mean_transaction_costs": 0.5187454844705087,
  "success_rate": 0.977
}