{
  "delta_hedge": {
    "mean_pnl": -0.9606228859230143,
    "std_pnl": 14.885812243421034,
    "mean_hedging_error": 10.89246097363807,
    "mean_transaction_costs": 0.5187454844705087
  },
  "no_hedge": {
    "mean_pnl": -0.44187740145250554,
    "std_pnl": 14.907805095662244,
    "mean_hedging_error": 10.89246097363807,
    "mean_transaction_costs": 0.0
  }
}